,Brand ,Model ,Price 
0,Fender,Boxer Stratocaster Inca Silver,1.199 €
1,Harley Benton,CST-24T P90 Black Flame,249 €
2,Fender,Squier Bullet Strat HSS BSB,129 €
3,Fender,Boxer Stratocaster SHM,1.229 €
4,Harley Benton,Electric Guitar Kit ST-Style,77 €
5,Solar Guitars,AB 1.6S Antique Silver,999 €
6,Fender,Squier Bullet Strat HT HSS IBK,129 €
7,Fender,Squier Affinity Strat IL BK,199 €
8,Fender,Player Series Strat PF 3TS,637 €
9,Harley Benton,ST-62CC RW Inca Silver,149 €
10,Fender,Squier Bullet Strat HSS AW,129 €
11,Fender,Squier Bullet Strat HSS BK,129 €
12,Harley Benton,CST-24T Black Flame,249 €
13,Fender,Squier Affinity Strat SFG IL,199 €
14,Fender,Squier Affinity Strat MN BK,199 €
15,ESP,LTD M-HT Black Metal BK,999 €
16,Fender,Squier Affinity Strat MN 2TSB,199 €
17,Harley Benton,ST-62CC MN Dakota Red,149 €
18,Harley Benton,CST-24T Paradise Flame,249 €
19,Harley Benton,ST-20HSS SBK Standard Series,89 €
20,Fender,Player Series Strat PF PWT,636 €
21,Fender,AM Ultra Strat RW HSS C. Blue,1.999 €
22,Fender,Squier Bullet Strat BK,129 €
23,Harley Benton,CST-24 Black Cherry Flame DLX,222 €
24,PRS,SE Standard 24 VC,574 €
25,Fender,SQ CV 70s Strat LRL OWT,369 €
26,Fender,SQ Affinity Strat HSS IL OWT,199 €
27,Fender,AM Pro II Strat 3TSB,1.743 €
28,Harley Benton,ST-62 BK Vintage Series,129 €
29,ESP,LTD M-Black Metal Black Satin,909 €
30,Harley Benton,CST-24T Black Cherry Flame,249 €
31,Fender,SQ Affinity Strat HSS RG IL,204 €
32,Fender,Vintera 50s Strat MN SFG,839 €
33,Fender,Jimi Hendrix Strat OWH,919 €
34,Fender,AM Acoustasonic Strat Nat,1.715 €
35,Fender,Squier Bullet Strat IL AW,128 €
36,Ibanez,GRG121DX-WNF Bundle,208 €
37,Fender,Player Series Strat HSS MN BCR,649 €
38,Harley Benton,ST-20 SB Standard Series,79 €
39,Fender,SQ Affinity Strat Orange IRL,199 €
40,Schecter,Demon-6 Satin Black,499 €
41,Fender,Vintera 50s Strat Mod MN DBL,969 €
42,Solar Guitars,S1.6 HLB,999 €
43,Jackson,JS22 Dinky BLK AH,204 €
44,Schecter,Hellraiser Hybrid C-1 TBB,999 €
45,Fender,Player Series Strat MN BK,639 €
46,Harley Benton,ST-20 BK Standard Series,79 €
47,Harley Benton,CST-24 BK,222 €
48,Harley Benton,Fusion-II HSH MN FBLB,299 €
49,Fender,Squier Bullet Strat HT IL AW,128 €
50,Fender,AM Pro II Strat MN 3TSB,1.743 €
51,Fender,SQ CV 60s Strat LPB,379 €
52,Fender,Vintera 50s Strat Mod MN 2-SB,969 €
53,Fender,Vintera 60s Strat SG,819 €
54,Fender,AM Acoustasonic Strat Ziricote,2.615 €
55,Fender,AM Ultra Strat HSS RW U.burst,1.998 €
56,PRS,SE Standard 24 TS,575 €
57,Fender,SQ CV 70s Strat HSS LRL WAL,379 €
58,Fender,AM Pro II Strat HSS MN 3TSB,1.743 €
59,Fender,AM Perf Strat HSS MN SFG,1.158 €
60,Solar Guitars,S1.6 PP,1.199 €
61,Harley Benton,Amarok-6 BKBL Flame Burst,499 €
62,Harley Benton,CST-24T Emerald Flame,249 €
63,Fender,AM Acoustasonic Strat BK,1.725 €
64,Harley Benton,HWY-25BKS Progressive Series,111 €
65,Fender,AM Perf Strat HSS RW 3STB,1.151 €
66,Fender,SQ CV 50s Strat MN 2-SB,379 €
67,PRS,SE Mira Black,689 €
68,Harley Benton,CST-24T P90 Ocean Flame,249 €
69,Charvel,Guthrie Govan HSH Flame Maple,3.298 €
70,Harley Benton,S-620 TB Rock Series,159 €
71,Solar Guitars,S1.6 PB ETC,1.199 €
72,Fender,Player Series Strat MN TPL,629 €
73,Fender,AM Perf Strat RW HB,1.129 €
74,Harley Benton,Amarok-6 BKNT Flame Burst,499 €
75,ESP,LTD MH-1001NT STBLK,1.025 €
76,Ibanez,GRG170DX-BKN Bundle,249 €
77,Evh,Frankie Striped MN Relic R/W/B,1.459 €
78,Fender,Clapton Strat Signature BLK,2.155 €
79,Fender,SQ Bullet Strat HT HSS IL AWT,129 €
80,Fender,SQ CV 50s Strat MN BK,379 €
81,Fender,Player Series Strat HSH PF SLV,659 €
82,Jackson,Adrian Smith SDX MN SW,479 €
83,Fender,SQ CV 70s Strat LRL NAT,379 €
84,Fender,Tash Sultana Stratocaster TC,1.230 €
85,Fender,AM Pro II Strat HSS MN OWT,1.743 €
86,Fender,Squier Affinity Strat HSS ILSS,195 €
87,Fender,Squier Bullet Strat BSB,125 €
88,ESP,LTD MH-1000 Evertune FM STBLK,1.216 €
89,ESP,LTD MH-200QM NT STBC,499 €
90,Harley Benton,ST-70 Black Paisley,179 €
91,Fender,AM Pro II Strat LH 3TSB,1.744 €
92,Fender,Squier Affinity IL BSB,195 €
93,Harley Benton,ST-20 WH Standard Series,79 €
94,Harley Benton,ST-20MN CA Standard Series,79 €
95,Harley Benton,ST-20HSS CA Standard Series,88 €
96,Fender,SQ CV 50 Strat MN Sp.Ed. FR,399 €
97,Cort,KX 500 Etched Black,799 €
98,Schecter,C-1 Hellraiser WH,899 €
99,Cort,X-700 Duality Light Blue Burst,719 €
100,Fender,AM Acoustasonic Strat TSBL,1.644 €
101,Charvel,Pro-Mod DK24 HH 2PT CM MBF,919 €
102,Fender,AM Pro II Strat MN DK NIT,1.699 €
103,Fender,Deluxe Strat HSS BP,849 €
104,Fender,AM Pro II Strat MN OWT,1.743 €
105,Solar Guitars,SB1.6FRFM Flame Natural,999 €
106,Fender,Player Series Strat HSH PF BCR,629 €
107,Fender,AM Ultra Strat MN HSS TexasTea,1.999 €
108,Fender,AM Acoustasonic Strat Cocobolo,2.615 €
109,Fender,Player Series Strat PF BLK,625 €
110,Solar Guitars,S1.6 FR BLB,1.025 €
111,Solar Guitars,A2.6 FR LN,749 €
112,Fender,SQ CV 50s Strat MN WHB,379 €
113,Fender,AM Pro II Strat MERC,1.743 €
114,Evh,Stripe Red,779 €
115,Cort,G 260 OPN,379 €
116,Fender,Yngwie Malmsteen MN VW,2.399 €
117,Fender,Player Series Strat HSH PF TBS,636 €
118,ESP,LTD MH-200 Black,499 €
119,Fender,AM Ultra Strat MN Texas Tea,1.999 €
120,Legator,N8FX-AMT,1.999 €
121,ESP,LTD M-200 AGRY,499 €
122,Fender,AM Pro II Strat OWT,1.743 €
123,Harley Benton,ST-62MN VW Vintage Series,129 €
124,Fender,Jeff Beck Strat OW,2.359 €
125,Fender,AM Pro II Strat HSS 3TSB,1.743 €
126,Chapman Guitars,ML1-Pro X Lunar Burl,1.399 €
127,Schecter,C-1 Apocalypse Red Reign,1.333 €
128,Schecter,Hellraiser C1 FR S BCH,1.233 €
129,Jackson,JS11 Dinky MR AH,149 €
130,ESP,LTD SN 1000 FRM Black Blast,1.538 €
131,BC Rich,Shredzilla Extreme Exotic CB,1.569 €
132,Jackson,JS32 DKA AH SBK,295 €
133,Fender,AM Pro II Strat MN RST PIN,1.743 €
134,Chapman Guitars,ML1 Pro Modern Black Sun,1.079 €
135,Schecter,C-1 FR S Apocalypse Red Reign,1.438 €
136,Fender,Player Series Strat HSS PF 3TS,639 €
137,Fender,Noventa Strat MN DPB,799 €
138,Cort,KX 300 Etched Black Red,489 €
139,ESP,LTD M-1000HT BP Black Fade,1.349 €
140,Jackson,JS11 Dinky MB AH,149 €
141,Jackson,JS32 Q Dinky DKA AH DSB,368 €
142,Fender,AM Ultra Strat HSS MN U.burst,1.999 €
143,ESP,LTD SN 1000 FRM PW,1.025 €
144,Fender,AM Orig. 60 Strat Shell Pink,1.878 €
145,Harley Benton,CST-24T Ocean Flame,249 €
146,Fender,Player Series Strat MN PWT,645 €
147,Fender,AM Pro II Strat MN SSB,1.743 €
148,Harley Benton,CST-24 Paradise Flame,222 €
149,Schecter,C-1 FR S Apocalypse Rusty Grey,1.299 €
150,Jackson,Adrian Smith SDX-MN SW X-Ser.,499 €
151,Charvel,Pro-Mod DK24 HH FR Dark Amber,998 €
152,Harley Benton,R-456FR BK Progressive Series,179 €
153,Chapman Guitars,ML1 Modern Storm Burst,699 €
154,Fender,AM Original 50 Strat MN 2CSB,1.749 €
155,Chapman Guitars,ML1 Modern Abyss,519 €
156,Schecter,Nick Johnston HSS AO,949 €
157,Fender,SQ CV 60s Strat 3-SB,379 €
158,Fender,Clapton Custom Shop MDB,3.998 €
159,Harley Benton,Fusion-II HSH EB FPU,299 €
160,Schecter,C-1 Platinum SSV,799 €
161,Fender,Tom Morello Strat FR RW BLK,1.347 €
162,Fender,Ed OÂ´Brien Stratocaster,1.126 €
163,Fender,Clapton Strat Signature OW,2.205 €
164,Fender,Deluxe Strat HSS PF CAR,849 €
165,Fender,SQ CV 60s Strat CAR,379 €
166,Fender,Player Series Strat PF Silver,625 €
167,ESP,LTD KH-202 BLK Kirk Hammett,599 €
168,Harley Benton,Fusion-II HH EB OCT,299 €
169,Cort,G290 FAT Antique Violin,589 €
170,Kramer Guitars,Baretta Special Black,179 €
171,Charvel,Pro Mod San Dimas 1 HH FR CLB,848 €
172,PRS,John Mayer Silver Sky MN Frost,2.599 €
173,PRS,John Mayer Silver Sky MN Orion,2.698 €
174,Fender,SQ CV 70s Strat HSS MN BLK,379 €
175,Fender,Squier Bullet Strat HSS Bundle,148 €
176,Jackson,JS32 DKA-M Dinky SW,298 €
177,Fender,Player Series Strat HSS MN PWT,639 €
178,Harley Benton,ST-62DLX VW Vintage Series,179 €
179,Harley Benton,Fusion-II HSH Roasted FNT,399 €
180,Fender,AM Ultra Strat RW Arctic Pearl,1.999 €
181,Fender,AM Acoustasonic Strat 3-SB,1.712 €
182,Harley Benton,Fusion-II HSH Roasted FBLB,399 €
183,Fender,AM Pro II Strat HSS OWT,1.743 €
184,Fender,Deluxe Strat HSS TSB,849 €
185,ESP,LTD M-1000 Ebony SW,1.025 €
186,Harley Benton,Fusion-II HH Roasted SSP,399 €
187,ESP,LTD MH 1000 NT QM STP,999 €
188,Harley Benton,Fusion-II HSH EB FBLB,299 €
189,Dean Guitars,Exile Select 7 Str. BP STQB,999 €
190,Fender,Squier Affinity Strat IL SSV,195 €
191,Fender,AM Ultra Strat MN Cobra Blue,1.999 €
192,Jackson,Adrian Smith SDXQ Trans Green,529 €
193,Fender,Vintera 60s Strat IBM,839 €
194,Fender,SQ Affinity Fat Strat IL MBK,198 €
195,Fender,Player Series Strat MN 3TS,636 €
196,Fender,Player Series Strat MN Capri,627 €
197,Fender,AM Pro II Strat RST PIN,1.743 €
198,Harley Benton,S-620 TR Rock Series,159 €
199,Fender,SQ CV 50s Strat MN FR,379 €
200,Fender,Jim Root Stratocaster EB BK,1.499 €
201,Fender,Player Series Strat HSS MN TPL,629 €
202,Harley Benton,CST-24 BK B-Stock,166 €
203,Schecter,SLS Elite C-1 FR S BFB,1.466 €
204,Evh,Stripe White,839 €
205,Fender,AM Ultra Strat MN HSS A. Pearl,1.999 €
206,G&L,Tribute Comanche Olympic White,699 €
207,Fender,Deluxe Roadhouse Strat PF 3TSB,849 €
208,Solar Guitars,A2.6 PN,699 €
209,ESP,LTD M-1000BP Purple NT Burst,1.384 €
210,Harley Benton,HP-42 Signature TT Roasted,399 €
211,Fender,AM Pro II Strat MYST SFG,1.743 €
212,ESP,LTD MH-10 Black,219 €
213,Ibanez,GRX70QA-TRB GIO,179 €
214,Solar Guitars,AB 1.6HTPB Trans Purple,849 €
215,Fender,AM Perf Strat MN Satin LPB,1.179 €
216,Fender,Player Series Strat PLT MN ACB,798 €
217,Fender,Player Series Strat HSS MN 3TS,635 €
218,Harley Benton,Amarok-6 BKRD Quilted Burst,499 €
219,Yamaha,Pacifica 311H BK,338 €
220,Fender,AM Pro II Strat MBL,1.709 €
221,Fender,Player Series Strat MN Bundle,656 €
222,PRS,Custom 24 35th Anniv. CC,4.299 €
223,Fender,AM Ultra Strat MN Ultraburst,1.998 €
224,Schecter,C-1 SLS Elite AFB,1.333 €
225,Harley Benton,ST-20HSS SB Standard Series,88 €
226,PRS,S2 Custom 24 35th Anniv. MS,1.998 €
227,Harley Benton,Amarok-6 EGNT Quilted Burst,499 €
228,Fender,AM Pro II Strat HSS MN RST PIN,1.743 €
229,Schecter,C-1 Hellraiser BLK,922 €
230,Fender,AM Pro II Strat DK NIT,1.743 €
231,Legator,N8FX-RBY,1.999 €
232,Jackson,JS22 Dinky DKA AH SW,204 €
233,Ibanez,GRX22EX-BL,179 €
234,Yamaha,Pacifica 311H RM,338 €
235,Harley Benton,Fusion-II HH FR Roasted FNT,429 €
236,Fender,Player Lead II Strat MN NGR,649 €
237,Harley Benton,ST-90SA Swamp Ash DLX Series,179 €
238,Fender,Player Series Strat MN BCR,645 €
239,Fender,AM Pro II Strat MN MYST SFG,1.744 €
240,Jackson,JS1X Dinky Minion Black,169 €
241,PRS,S2 Vela Satin SH McCarty TS,1.499 €
242,Ibanez,GRG121DX-BKF,189 €
243,Harley Benton,ST-62CC RW Lake Placid Blue,149 €
244,Harley Benton,CST-24 Black Cherry Fl B-Stock,175 €
245,Jackson,SLX DX Soloist Satin Red Swirl,809 €
246,Ibanez,GRX40-MLB,169 €
247,Jackson,JS32 DKA-M Dinky BLK,307 €
248,Harley Benton,CST-24T LH Black Flame,249 €
249,Ibanez,GSA60-BS,189 €
250,Ibanez,GSA60-BKN,189 €
251,Legator,N8FOD-AB,1.389 €
252,Schecter,C-1 FR S SLS Evil Twin SBK,1.538 €
253,Fender,AM Pro II Strat HSS MBL,1.744 €
254,Ibanez,RGA61AL-IAF,1.175 €
255,PRS,Custom 24 35th Anniv. Aqua,4.298 €
256,Fender,Squier Bullet Strat HSS Bundle,148 €
257,Cort,G290 FAT Bright Blue,615 €
258,Kramer Guitars,Baretta Special Purple,179 €
259,Schecter,Nick Johnston Tradit. SSS AS,869 €
260,Ibanez,RG421-MOL,325 €
261,Fender,AM Perf Strat HSS MN Black,1.179 €
262,Harley Benton,Fusion-II HSH Roasted FBLB Set,414 €
263,Jackson,Pro SL2 Mick Thomson White,846 €
264,Fender,AM Pro II Strat MN BLK,1.709 €
265,BC Rich,Shredzilla Prophecy Archtop TB,1.699 €
266,Fender,Vintera 60s Strat Mod OWH,953 €
267,Legator,N6P-BLK,698 €
268,Fender,Player Series Strat MN Bundle,648 €
269,Harley Benton,Fusion-II HH FR Roasted FBLB,449 €
270,Fender,Player Series Strat HSS PF BLK,656 €
271,PRS,John Mayer Silver Sky MN MR,2.698 €
272,Jackson,JS22 Dinky DKA Na Oiled AH,215 €
273,Schecter,Nick Johnston Tradit. SSS AC,869 €
274,Ibanez,GSA60-WNF Gio,193 €
275,Jackson,JS22 Dinky AH MBL,199 €
276,Fender,Vintera 60s Strat Mod BMM,922 €
277,Harley Benton,Fusion-II HSH Roasted FNT Set,414 €
278,Fender,Player Lead III Strat MPRPL,633 €
279,Jackson,Pro Dinky DK Mod. Ash HT7 BBL,1.315 €
280,Fender,56 Strat Black Heavy Relic,3.999 €
281,Kramer Guitars,Baretta Vintage Ruby Red,697 €
282,Kramer Guitars,Baretta Special CB,169 €
283,PRS,SE Standard 24 TB,575 €
284,Suhr,Modern Plus HSH PF TWBB,3.449 €
285,Suhr,Pete Thorn Signature GD,3.799 €
286,PRS,CE 24 Dustie Waring Floyd WB,2.899 €
287,Ibanez,RG1127PBFX-CIF Premium,1.299 €
288,Ibanez,SA260FM-TGB,339 €
289,Jackson,SLX DX Soloist Silverburst,599 €
290,Schecter,Omen Extreme 6 STBLK,509 €
291,Yamaha,Pacifica 311H VW,338 €
292,Dean Guitars,Custom Zone FP,219 €
293,Chapman Guitars,ML1 Pro Modern Pitch Black,1.079 €
294,Ibanez,RG421-MOL Bundle,340 €
295,Ibanez,JEMJRSP-PK,478 €
296,Ibanez,RG550-RF,919 €
297,PRS,S2 Custom 24 35th Anniv. WB,1.998 €
298,Ibanez,GRX40-BKN,159 €
299,PRS,John Mayer Silver Sky Polar,2.769 €
300,Fender,Player Lead III Strat MN SSB,649 €
301,Ibanez,AZ2204-ICM,1.897 €
302,Schecter,Reaper-6 Satin Charcoal Burst,819 €
303,Schecter,Banshee 6 Extreme CB,539 €
304,Ibanez,RGA42FM-TGF,398 €
305,BC Rich,Shredzilla Z6 Pro Ex FR CB,1.699 €
306,Ibanez,S521-MOL,369 €
307,Fender,AM Pro II Strat MN MBL,1.743 €
308,Ibanez,AZ2204-SFB,1.948 €
309,PRS,John Mayer Silver Sky MN Moc,2.698 €
310,Suhr,Modern Satin HSH BK,2.799 €
311,Jackson,JS11 Dinky AH BLK,149 €
312,Jackson,JS12 Dinky AH WH,179 €
313,Jackson,Pro SL2 Mick Thomson Black,819 €
314,Harley Benton,ST-20 CA Standard Series,79 €
315,Sterling by Music Man,SUB CT30 Cutlass HSS SBK,369 €
316,Cort,KX 300 Etched Black Gold,409 €
317,Ibanez,AZ2202A-TFB,2.099 €
318,Harley Benton,Fusion-II HH EB OCT Bundle,315 €
319,ESP,LTD SN-200FR Maple BCMS,489 €
320,Ibanez,GRX70QA-TBB GIO,179 €
321,G&L,Tribute Legacy Black,509 €
322,Fender,AM Acoustasonic Strat DRD,1.712 €
323,Fender,Player Series Strat MN Bundle,657 €
324,Fender,57 Strat 3TS Heavy Relic,3.998 €
325,Ibanez,GRG121DX-WNF,192 €
326,PRS,John Mayer Silver Sky MN Tungs,2.698 €
327,PRS,Custom 24 35th Anniv. CY,4.299 €
328,Fender,AM Pro II Strat LH MBL,1.743 €
329,Ibanez,RG420HPFM-BRG,798 €
330,Fender,63 Strat Super Heavy Relic AFR,4.298 €
331,ESP,LTD JH 600 BLK,1.499 €
332,Solar Guitars,A1.6FB,1.129 €
333,Fender,AM Pro II Strat HSS MN MYS SFG,1.744 €
334,Suhr,Classic S ST HSS MN OW,2.875 €
335,Framus,D-Series Diablo Pro BRTS,819 €
336,Solar Guitars,AB 1.6FRNB Nat Brown,949 €
337,Schecter,Nick Johnston Tradit.SSS AG,869 €
338,Evh,Wolfgang WG Std Gloss BK,479 €
339,Suhr,Pete Thorn Signature OTM,3.799 €
340,Kramer Guitars,Focus VT211S Teal,138 €
341,Harley Benton,ST-62DLX OW Vintage Series,179 €
342,Solar Guitars,S1.7LB,1.299 €
343,Jackson,JS32Q DKA Dinky AH TGB,379 €
344,Jackson,SL3X DX Soloist Silver Crackle,799 €
345,Ibanez,PGMM11-JB,199 €
346,Ibanez,JS2480-MCR Joe Satriani,2.795 €
347,Jackson,JS32 Dinky DKA AH NO,299 €
348,Yamaha,Pacifica 612V II FM IDB,779 €
349,Fender,AM Pro II Strat HSS MERC,1.743 €
350,Ibanez,RGRT421-WK,409 €
351,Ibanez,GRG170DX-BKN,239 €
352,Harley Benton,CST-24T Black Flame B-Stock,199 €
353,Yamaha,Pacifica 112J OVS,225 €
354,Ibanez,GRX70QA-TKS GIO,199 €
355,Fender,Kenny W. Shepherd Strat TFSB,2.205 €
356,PRS,Custom 22 Piezo BW,4.499 €
357,Ibanez,RG5320-CSW Prestige,2.099 €
358,ESP,LTD MH-400 FR BLUPFD,749 €
359,Ibanez,JEMJR-WH,469 €
360,Fender,Modern Strat RW HH BLK B-Stock,1.079 €
361,Ibanez,GRX22EX-RD,179 €
362,Yamaha,Pacifica 311H YNS,319 €
363,Fender,AM Acoustasonic Strat  B-Stock,1.589 €
364,Ibanez,AZ226-BKF Premium,1.168 €
365,Ibanez,RG421HPAH-BWB,824 €
366,Harley Benton,Amarok-6 EGNT Quilted  B-Stock,389 €
367,Chapman Guitars,ML1 Hybrid Abyss,649 €
368,G&L,Tribute Legacy FR MP,529 €
369,ESP,E-II Horizon NT-II BPG,2.199 €
370,Harley Benton,CST-24T P90 Ocean Flam B-Stock,205 €
371,Fender,Squier Bullet Strat IL Bundle,147 €
372,Kramer Guitars,Baretta Special VW,169 €
373,BC Rich,Shredzilla Z6 Pro Ex FR RE,1.699 €
374,Fender,Player Ser Strat HSS PT MN ACB,819 €
375,Ibanez,JEMJRSP-YE,454 €
376,Yamaha,Pacifica 611HFM RTB,625 €
377,Schecter,Signature Nick Johnston HSS AF,949 €
378,Jackson,JS11 Dinky AH WH,149 €
379,Ibanez,RGRT421-WNF,425 €
380,Harley Benton,CST-24T Paradise Flame Bundle,367 €
381,Ibanez,PGMM31-WH Paul Gilbert Sign.,185 €
382,Jackson,JS1X Dinky Minion Neon Green,159 €
383,ESP,LTD SC-20 SOB,1.230 €
384,PRS,John Mayer Silver Sky MN DB,2.698 €
385,Ibanez,GRX20EXB-BKN,179 €
386,PRS,S2 Vela Satin SH CS,1.498 €
387,Harley Benton,ST-62CC MN Charcoal Frost,169 €
388,Fender,SQ CV 70s Strat LRL BK,379 €
389,Fender,Player Ser Strat HSS MN Slv,659 €
390,Ibanez,PGMM21 Paul Gilbert MGN,189 €
391,Charvel,Pro-Mod SD ST1 HH FR Old Yella,899 €
392,Fender,Modern Strat RW HH OLP,1.333 €
393,Solar Guitars,A1.6LN,1.099 €
394,Ibanez,AZ2204B-BK Prestige,1.999 €
395,Chapman Guitars,ML1 RS Lunar Rob Scallon,1.059 €
396,Schecter,C-1 SLS Evil Twin Satin Black,1.333 €
397,Ibanez,GRX22EX-BKN,179 €
398,Sterling by Music Man,John Petrucci X Royal Red,1.899 €
399,Chapman Guitars,ML1 Pro Hybrid Turquoise Rain,1.079 €
400,Ibanez,RGA42FM-BLF,389 €
401,Jackson,JS32 Dinky DKA AH PP,299 €
402,Schecter,Hellraiser C-7 FR S BC,1.285 €
403,Chapman Guitars,ML1 Pro Hybrid Phoenix Red,1.079 €
404,Jackson,Pro DK2 Dinky Slime Green,819 €
405,Schecter,Banshee 6 Extreme BCHB,509 €
406,Ibanez,GRG140-WH,186 €
407,Sterling by Music Man,JP 60 SBK,749 €
408,Fender,AM Perf Strat HSS RW AUB,1.103 €
409,Schecter,Reaper-6 FR S SSKYB,1.107 €
410,Jackson,JS12 Dinky MR AH,179 €
411,Charvel,Pro-Mod DK24 HH 2PT CM SBM,979 €
412,Ibanez,SA360NQM-SPB,469 €
413,Ibanez,RG1121PB-CKB Premium,1.199 €
414,ESP,LTD KH 602 PSP,1.127 €
415,Ibanez,S521-BBS,366 €
416,Fender,Jeff Beck Strat SFG,2.149 €
417,Yamaha,Pacifica 212V QM CBR,307 €
418,Schecter,C-1 SLS Elite FR S AFB,1.490 €
419,Schecter,Banshee 6 FR Extreme OBB,615 €
420,Fender,Player Series Strat HSS PF PWT,639 €
421,Ibanez,RGDR4327-NTF,2.499 €
422,Jackson,JS32Q Dinky AH TBK,339 €
423,Harley Benton,Fusion-II HH EB PSP Pro Series,349 €
424,Harley Benton,Fusion-II HSH MN FPU,299 €
425,Jackson,Pro Misha Mansoor HT6QM CB,729 €
426,Charvel,Pro-Mod DK24 HH 2PT CM BLK,919 €
427,BC Rich,Shredzilla Prophecy ET CB,1.699 €
428,Charvel,Pro-Mod DK24 HSS 2PT CM SP,979 €
429,Ibanez,AZ2402-TFF,1.898 €
430,Legator,N8FOD-JPR,1.389 €
431,Schecter,C-1 SLS Elite BFB,1.333 €
432,Charvel,Pro-Mod DK24 HSS 2PT Red Ash,998 €
433,Schecter,C-1 Hellraiser BCH,949 €
434,Ibanez,RG652AHMFX-NGB,1.449 €
435,Kramer Guitars,Pacer Vintage OB Tiger,698 €
436,Kramer Guitars,Baretta Special RR,169 €
437,Ibanez,S671ALB-BCM,1.098 €
438,G&L,Tribute Legacy Natural MP,549 €
439,Ibanez,RG421HPFM-BRG,646 €
440,Ibanez,RGR5221-TFR Prestige,1.899 €
441,Chapman Guitars,ML1 Modern Tyrian V2,449 €
442,Fender,AM Pro II Strat HSS DK NIT,1.699 €
443,Ibanez,RG370AHMZ-BMTStandard,488 €
444,Charvel,Pro Mod SD1 2H FR SW,852 €
445,Fender,Player Series Strat PLT PF TBS,819 €
446,ESP,LTD H-1001 STBC,1.099 €
447,Charvel,Pro Mod So Cal Style1 2H FR SW,849 €
448,Ibanez,GRX40-MGN,169 €
449,Jackson,SLXDX Soloist Satin Black,645 €
450,Fender,Dave Murray Strat 2TSB,999 €
451,Yamaha,Pacifica 611HFM TB,635 €
452,Sterling by Music Man,SUB SR30 Sting Ray HH SBK,399 €
453,BC Rich,Shredzilla Pro Archtop FR BC,1.649 €
454,Harley Benton,ST-57DG Black Tribute,189 €
455,Charvel,Pro-Mod SC Style 1 HH FR GB,798 €
456,Fender,H.E.R. Strat Chrome Glow,1.189 €
457,Sterling by Music Man,John Petrucci X MajesticPurple,1.899 €
458,ESP,LTD H-1001 QM See Thru Black,999 €
459,Cort,G260CS Olympic White,339 €
460,Solar Guitars,S2.6FWA,799 €
461,Ibanez,GRG131DX-BKF,189 €
462,Schecter,Banshee GT FR S SCB,1.233 €
463,Schecter,Signature Nick Johnston HSS AS,949 €
464,PRS,John Mayer Silver Sky Moc Sand,2.698 €
465,Ibanez,RGA42HPT-LBM,899 €
466,Kramer Guitars,Focus VT211S Purple,129 €
467,ESP,LTD H-1001 See Thru Green,999 €
468,Solar Guitars,S1.6FRQOB,999 €
469,BC Rich,Shredzilla Prophecy ET NT,1.699 €
470,Fender,Robert Cray Standard 3TSB,1.098 €
471,Jackson,Pro Soloist SL2 Red Mercury,1.076 €
472,Music Man,JP15 FM SB John Petrucci,3.649 €
473,Fender,EJ 1954 Virginia Strat MN 2-SB,2.649 €
474,PRS,Custom 24 BW,3.898 €
475,Jackson,JS32Q DKA Dinky AH TPB,379 €
476,Fender,Player Series Strat HSS PF Cap,659 €
477,Ibanez,RGA60AL-ABL,1.254 €
478,Fender,AM Pro II Strat LH MN MERC,1.743 €
479,Fender,AM Ultra Strat MN Mocha Burst,1.999 €
480,Ibanez,RG550-DY,999 €
481,Fender,AM Pro II Strat LH MN OWT,1.699 €
482,Ibanez,GRG140-SB,198 €
483,Fender,Player Series Strat HSS MN BLK,645 €
484,Kramer Guitars,Focus VT211S Ruby Red,129 €
485,Ibanez,RG421EX-BKF,368 €
486,Schecter,Signature Nick Johnston HSS AG,949 €
487,Schecter,C-1 FR Apocalypse Rusty Grey,1.251 €
488,ESP,LTD SN-1000HT Purple Blast,1.179 €
489,Ibanez,GRX40-CA,179 €
490,Fender,63 Strat HSS GFY Heavy Relic,3.798 €
491,PRS,John Mayer Silver Sky Orion GR,2.459 €
492,Schecter,Signature Nick Johnston SSS AF,949 €
493,Legator,N6X-RBY,1.699 €
494,G&L,Tribute Superhawk Cantrell BB,599 €
495,Harley Benton,Fusion-II HH FR Roa FNT Set,443 €
496,ESP,LTD GLKAMI 4,1.499 €
497,Ibanez,AZ2402-BKF Prestige,1.999 €
498,Harley Benton,Fusion-II HSH EB FCB,299 €
499,Fender,AM Pro II Strat LH DK NIT,1.699 €
500,Godin,Session HT Matte Black RN,718 €
501,Fender,Squier Bullet Strat LPB,159 €
502,Chapman Guitars,ML1 Modern Black Blood V2,519 €
503,Jackson,Pro Soloist SL3Q Blonde,1.066 €
504,Charvel,Pro-Mod DK22 SSS 2PT El. Blue,1.059 €
505,Ibanez,RG420HPFM-ALG,798 €
506,Kramer Guitars,Nightswan,899 €
507,ESP,LTD H1001 FR QM VSHFD,1.179 €
508,Chapman Guitars,ML1 Hybrid Cali Sunset,649 €
509,ESP,LTD H3-1000 Black TB,1.025 €
510,Fender,50s Strat HSH AOW Relic,3.999 €
511,Harley Benton,Amarok-6 BKNT Flame Bu B-Stock,379 €
512,Jackson,JS12 Dinky AH MB,179 €
513,Legator,N6P-Cali Cobalt,646 €
514,ESP,LTD KH 602 BLK,1.299 €
515,Schecter,Omen Extreme 6 BCH,489 €
516,Sterling by Music Man,SUB CT30 Cutlass SSS DBL,367 €
517,Larry Carlton,S7 3TS,565 €
518,Jackson,JS32 Dinky AH Neon Orange,289 €
519,PRS,S2 Custom 24 35th Anniv. FS,1.998 €
520,Fender,56 Strat NOS FR GH,3.798 €
521,Framus,D-Series Diablo Prog X ATTHP,819 €
522,Chapman Guitars,ML1 Pro Modern Zima Bl B-Stock,999 €
523,Jackson,Adrian Smith Dinky,2.260 €
524,Yamaha,Pacifica 112J YNS,239 €
525,Ibanez,SA260FM-VLS,358 €
526,Jackson,Adrian Smith USA Sel. SD TG,2.699 €
527,Ibanez,RG1120PBZ-CIF Premium,1.249 €
528,Kramer Guitars,Jersey Star AW,1.149 €
529,ESP,E-II M-II NT BTB,2.256 €
530,Harley Benton,CST-24T Emerald Flame B-Stock,205 €
531,Schecter,Banshee Mach -6 EB,1.744 €
532,Evh,Stripe Black,846 €
533,BC Rich,Shredzilla Exotic FR PH,1.649 €
534,Harley Benton,Amarok-6 BKRD Quilted  B-Stock,399 €
535,G&L,Tribute S-500 IA,569 €
536,PRS,S2 Custom 24 35th Anniv. BA,1.998 €
537,Jackson,X Series SLX Green Crackle,666 €
538,Music Man,John Petrucci Majesty 6 SB,3.698 €
539,Music Man,JP15 Flame TBK John Petrucci,3.589 €
540,Fender,Stevie Ray Vaughan,2.290 €
541,Fender,AM Orig. 50 Strat MN I B-Stock,1.599 €
542,Fender,Vintera 60s Strat 3-SB,819 €
543,Ibanez,MM1-TAB Martin Miller,2.434 €
544,Fender,AM Original 50 Strat MN WB,1.846 €
545,G&L,Tribute S-500 VW MN,569 €
546,Yamaha,Pacifica 212V FM TBL,329 €
547,Schecter,C-6 Plus Charcoal Burst,389 €
548,ESP,LTD SN 1000 FRM Black  B-Stock,1.299 €
549,Yamaha,Pacifica 112VMX YNS,269 €
550,Jackson,JS12 Dinky AH BLK,179 €
551,Fender,Yngwie Malmsteen RW VW,2.466 €
552,Evh,Wolfgang WG Std QM CB,575 €
553,PRS,CE 24 Dustie Waring Floyd GB,2.899 €
554,Sterling by Music Man,SUB CT30 Cutlass HSS VC,369 €
555,Harley Benton,Fusion-II HSH MN FBB,299 €
556,Fender,AM Pro II Strat HSS MN SSB,1.743 €
557,Framus,Teambuilt Diablo Progres. X BK,1.333 €
558,Jackson,SL3X DX Soloist Gold Crackle,768 €
559,Legator,N6XFR-RBY,1.899 €
560,Evh,Wolfgang WG Std QM NL,549 €
561,Cort,X-700 Duality Antique Vintage,719 €
562,Jackson,LTD Pro Soloist SL2FM TBB,1.899 €
563,Fender,Squier Bullet Strat HSS Bundle,148 €
564,Charvel,Pro-Mod DK22 SSS 2PT Ph. Gold,999 €
565,Ibanez,RG1120PBZ-CKB Premium,1.199 €
566,Larry Carlton,S7FM NT,615 €
567,Godin,Session HT Trans Cream RN,769 €
568,Schecter,Hellraiser C-7 FR S BLK,1.285 €
569,BC Rich,Shredzilla Pro Archtop FR CB,1.649 €
570,Fender,Squier Affinity Strat RR Set1,215 €
571,Evh,Wolfgang WG Std QM BF,509 €
572,Larry Carlton,S7 AWH,565 €
573,PRS,Custom 24 35th Anniv. FR,4.298 €
574,Fender,63 Strat Super Heavy Relic 3TS,4.298 €
575,Fender,Clapton Custom Shop BLK,3.897 €
576,Harley Benton,Fusion-II HH FR MN FPU,349 €
577,Charvel,Pro-Mod DK24 HSS FR Spec.Ocean,986 €
578,Yamaha,Pacifica 112V YNS,276 €
579,Jackson,DKA-R EX LTD Dinky Snow White,797 €
580,Fender,60 Strat Road Worn PF LPB,1.059 €
581,Larry Carlton,S7 SG,565 €
582,Evh,Wolfgang WG Std Exotic SM,539 €
583,PRS,John Mayer Silver Sky Golden M,2.699 €
584,Fender,AM Pro II Strat LH MN MYST SFG,1.744 €
585,PRS,CE 24 Dustie Waring Floyd B8,2.975 €
586,Charvel,Pro-Mod So-Cal 1 HH FR MN VWH,899 €
587,Fender,Squier Affinity Strat S Set 1,212 €
588,Harley Benton,CST-24 Paradise Flame B-Stock,205 €
589,Ibanez,RG8570Z-BRE j.custom,2.910 €
590,Yamaha,Pacifica 612V II FM RTB,719 €
591,Suhr,Modern Plus HSH PF TBD,3.449 €
592,Framus,D-Series Diablo Supreme BOBB,819 €
593,Music Man,John Petrucci Majesty 7 SB,3.698 €
594,PRS,Custom 24 35th Anniv. Aqua,4.298 €
595,Solar Guitars,S1.6BLB,1.199 €
596,Charvel,Pro-Mod SD1 HH FR NeonPink Ash,1.179 €
597,Suhr,Classic S ST HSS RW 3TB,2.800 €
598,Ibanez,S6570Q-NBL Prestige,2.148 €
599,ESP,E-II Horizon NT II TE AM Fade,2.179 €
600,Yamaha,Pacifica 612V II FM TBL,738 €
601,Fender,AM Orig. 50 Strat MN INS,1.744 €
602,Ibanez,RG421MSP-TSP,398 €
603,Fender,56 Strat SGM Heavy Relic,4.099 €
604,PRS,S2 Vela Satin SH AW,1.499 €
605,Maybach,Stradovari S54 Olympic White,1.899 €
606,BC Rich,Shredzilla Pro Archtop FR SM,1.649 €
607,Friedman,CALI-ARVHH+,2.998 €
608,Legator,N7XFR-RBY,2.059 €
609,ESP,LTD H3-1000FR See Thru BK SB,1.025 €
610,Cort,G260CS 3-Tone Sunburst,339 €
611,Yamaha,Pacifica 112V SB,265 €
612,Kramer Guitars,Baretta Vintage Pewter Gray,697 €
613,Schecter,C-1 Exotic Spalted Maple SNVB,909 €
614,Charvel,Pro-Mod DK24 HSS FR PrplSunset,1.019 €
615,Harley Benton,CST-24T P90 Black Flam B-Stock,195 €
616,Suhr,Modern Plus MN HSH TCB,3.449 €
617,Ibanez,RGA42EX-BAM,399 €
618,Charvel,Pro-Mod DK22 SSS 2PT Black,1.025 €
619,Schecter,Hellraiser C-1 TPB FR,1.077 €
620,Jackson,Dinky DK1 Snow White USA,2.969 €
621,PRS,S2 Custom 24 35th Anniv. EY,1.998 €
622,Yamaha,Pacifica 212V QM TBL,359 €
623,Yamaha,Pacifica 112V VW,279 €
624,Sterling by Music Man,SUB CT30 Cutlass SSS CFR,369 €
625,Schecter,C-1 Apocalypse Rusty Grey,1.179 €
626,Jackson,Adrian Smith Dinky MN,2.358 €
627,Legator,N6OD-AB,919 €
628,Harley Benton,CST-24T Paradise Flame B-Stock,229 €
629,Ibanez,GRX70QA-SB GIO,199 €
630,Fender,SQ Affinity Strat Orange Set 1,215 €
631,Sterling by Music Man,John Petrucci JP150 Teal FMT,974 €
632,Harley Benton,CST-24T Black Cherry F B-Stock,199 €
633,Suhr,Classic S ST SSS MN SB,2.899 €
634,Jackson,Pro Dinky DK Mod. Ash FR7 BGR,1.249 €
635,ESP,E-II Horizon QM FR RDB,2.256 €
636,PRS,S2 Custom 24 35th Anniv. SR,1.998 €
637,ESP,KH-2 Neck Thru CTM,3.999 €
638,Ibanez,THBB10 Tim Henson,1.498 €
639,Fender,61 Strat Hot Rod Red NOS,3.998 €
640,ESP,LTD H-1001 FR BP Black Natural,1.099 €
641,Suhr,Standard Plus HSS PF TWB,3.449 €
642,Suhr,Modern Plus MN HSH BNGB,3.449 €
643,Evh,Wolfgang WG Std CW,499 €
644,Fender,Clapton Strat Custom Shop MB,3.998 €
645,Dean Guitars,Exile Select F BP STQB,1.129 €
646,Yamaha,Pacifica 112VM RM,276 €
647,Harley Benton,Fusion-II HH EB BK Bundle,315 €
648,Jackson,Mick Thomson Soloist USA AW,3.849 €
649,Yamaha,Pacifica 112V UB,279 €
650,FGN,Expert Odyssey SBB,1.699 €
651,Suhr,Classic S ST SSS RW OW,2.899 €
652,BC Rich,Shredzilla Extreme Exotic TB,1.569 €
653,Sterling by Music Man,John Petrucci MAJ100X PPM,1.199 €
654,Schecter,C-6 Plus VSB,359 €
655,Framus,Teambuilt Diablo Progressiv BK,1.379 €
656,Charvel,Pro-Mod DK24Q HH 2PT CM CHB,975 €
657,Fender,SQ Contemp Strat HH FR MNGMM,359 €
658,Fender,SQ Contemp Strat Special MNSBM,339 €
659,Framus,D-Series Diablo Supreme BBKBHP,819 €
660,PRS,S2 Vela Satin SH VCS,1.499 €
661,Schecter,Reaper-6 Satin Satin Sky Burst,797 €
662,Yamaha,Pacifica 611 V FM TBS,688 €
663,Ibanez,RG5121-DBF,1.795 €
664,PRS,S2 Vela Semi Hollow AW,1.744 €
665,Yamaha,Pacifica 611 V FM RTB,669 €
666,Schecter,Sun Valley Super Shredder FR,718 €
667,Yamaha,Pacifica 611HFM LAB,619 €
668,Ibanez,AZ2204-OWD,1.999 €
669,Fender,SQ Contemp Strat HH FR MNSPP,359 €
670,Yamaha,Pacifica 112J LPB,223 €
671,Evh,Wolfgang WG Std QM TA,559 €
672,Fender,57 Strat SFGP Heavy Relic,3.998 €
673,Godin,Session HT Bourbon Burst RN,799 €
674,Schecter,Reaper-6 FR Satin Charcoal,999 €
675,ESP,LTD Mirage Deluxe Â´87 FR PP,1.120 €
676,Fender,Squier Bullet Strat HT Bundle,147 €
677,BC Rich,Shredzilla Pro Archtop FR TB,1.649 €
678,Ibanez,RGA42FML-BLF,449 €
679,Ibanez,RG652AHM-NGB Prestige,1.549 €
680,Suhr,Modern Plus HSH PF TCB,3.449 €
681,BC Rich,Shredzilla Z6 Pro Ex FR Bundle,2.020 €
682,Chapman Guitars,ML1 Pro Modern Zima Blue,1.079 €
683,PRS,Custom 24 35th Anniv. VJ,4.298 €
684,Fender,75TH Anni Com Strat MN 2BB,1.849 €
685,PRS,Santana Gold Burst 10 Top 2017,3.599 €
686,Fender,SQ Affinity Strat HSS RG Set 1,220 €
687,Ibanez,RG1121PB-CIF Premium,1.249 €
688,Schecter,Omen 6 GBK,429 €
689,Friedman,CALI-AMCHH+,2.869 €
690,Music Man,Petrucci JP15 7 Flame CP,3.999 €
691,Fender,50 Strat Road Worn Surf Green,1.125 €
692,Yamaha,Pacifica 112J BL,235 €
693,Ibanez,RGA42HP-SFM,779 €
694,Ibanez,S6570SK-STB Prestige,2.199 €
695,Sterling by Music Man,John Petrucci JP150DFM EPP,1.679 €
696,Yamaha,Pacifica 112VM SP,279 €
697,Ibanez,SLM10-TRM Scott LePage,1.499 €
698,Yamaha,Pacifica 112VM Gray,279 €
699,BC Rich,Shredzilla Extreme Exotic TBS,1.569 €
700,Harley Benton,Fusion-II HH FR MN FBB Bundle,364 €
701,Ibanez,AZ2402-PWF,1.899 €
702,Jackson,SLXDX Soloist Rocket Red,629 €
703,BC Rich,Shredzilla Exotic FR RE,1.649 €
704,PRS,S2 Standard 22 Dots BK,1.599 €
705,Schecter,Banshee Elite -6 CEP,1.179 €
706,Suhr,Classic S ST SSS RW SG,2.899 €
707,Yamaha,Pacifica 120H YNS,259 €
708,Evh,Wolfgang WG Std MAD,545 €
709,Friedman,CALI-AMMHH+,2.998 €
710,Larry Carlton,S7FM TBK,615 €
711,BC Rich,Shredzilla Pro Archtop Bundle,1.970 €
712,Harley Benton,CST-24T Ocean Flame B-Stock,209 €
713,PRS,Custom 24 MS,3.998 €
714,Dean Guitars,Exile Select F 7 Str. BP STQB,1.169 €
715,Charvel,Pro Mod SD1 HH FR BK,899 €
716,ESP,LTD M-400 SOLFD,718 €
717,Ibanez,RG631ALF-BCM,949 €
718,Fender,SQ Contemp Strat Special LNSSM,339 €
719,Legator,N6XFR-AMT,1.959 €
720,Fender,SQ Contemp Strat Special MNBK,339 €
721,Fender,75TH Anni Strat MN Diamond Ann,889 €
722,Fender,AM Ultra Luxe Strat HSS FR SB,2.298 €
723,Fender,AM Ultra Luxe Strat HSS FR MB,2.298 €
724,ESP,LTD H-400 CRMSFD,769 €
725,Ibanez,MSM100-FGB,2.499 €
726,Ibanez,ATZ100-SBT Andy Timmons,2.549 €
727,Ibanez,AZ2402-BKF Prestige B-Stock,1.849 €
728,Ibanez,SA460MBW-SUB,569 €
729,Ibanez,JEM7VP-WH,1.599 €
730,Ibanez,AZ242PBG-CKB Premium,1.299 €
731,Ibanez,S671ALB-BAB,1.098 €
732,Suhr,Classic S ST SSS RW SB,2.769 €
733,Schecter,C-1 Silver Mountain,1.333 €
734,Fender,SQ Contemp Strat Special LNPW,339 €
735,Framus,D-Series Diablo Supreme NBKHP,819 €
736,Fender,Noventa Strat MN Surf Green,799 €
737,Evh,5150 Standard Stealth Black,769 €
738,Ibanez,JS140M-SDL,899 €
739,Yamaha,Pacifica 112VM IB,279 €
740,PRS,S2 Standard 24 Dots AW,1.364 €
741,Schecter,C-6 Plus EM,366 €
742,Ibanez,SEW761FM-NTF,799 €
743,Ibanez,RG60ALS-BAM,1.198 €
744,Cort,X-700 Duality Antique  B-Stock,666 €
745,Fender,Noventa Strat PF CRT,799 €
746,Ibanez,RG320EXZ-BKF,499 €
747,Harley Benton,CST-24T Black Flame LH B-Stock,229 €
748,Suhr,Classic S ST HSS RW VY,2.875 €
749,Schecter,C-1 Exotic Ebony NS,819 €
750,Fender,AM Ultra Luxe Strat MN PRB,2.249 €
751,Fender,AM Ultra Luxe Strat RW 2CS,2.249 €
752,Harley Benton,Amarok-6 BKBL Flame Bu B-Stock,389 €
753,Ibanez,AZ242-SFM Premium,1.199 €
754,Ibanez,RG421AHM-BMT,379 €
755,Charvel,Pro Mod SD1 HH FR MN SHP,899 €
756,FGN,Expert Odyssey RFG,1.799 €
757,Jackson,Pro Gus G. San Dimas MN CA,1.449 €
758,Schecter,C-1 FR Apocalypse Rust B-Stock,1.159 €
759,PRS,SE Mira VC,689 €
760,Schecter,C-6 Plus Charcoal Burs B-Stock,359 €
761,Ibanez,JIVAJR-DSE,798 €
762,Jackson,Pro Dinky DK2M Snow White,819 €
763,Evh,5150 Standard IBM,769 €
764,Schecter,Keith Merrow KM-6 Mk-III HY TG,1.538 €
765,ESP,LTD H-200FM See Thru Purple,579 €
766,Ibanez,RG5120M-FCN,1.934 €
767,Fender,Deluxe Strat HSS BP B-Stock,785 €
768,Jackson,Pro Dinky DK2 Ash Glow Green,1.076 €
769,Ibanez,JS1CR Joe Satriani,5.499 €
770,Ibanez,GRGR131EX-BKF,219 €
771,Ibanez,GRGR221PA-AQB,249 €
772,ESP,LTD SH-207 STP,799 €
773,Charvel,MJ DK24 HSH 2PT E NT,2.029 €
774,Fender,Artisan Strat Thinline Burl AN,4.798 €
775,Harley Benton,Fusion-II HH FR EB FCH Bundle,364 €
776,Ibanez,RG421G-LBM,369 €
777,Ibanez,AZ2204-HRM Prestige,1.999 €
778,Fender,AM Ultra Luxe Strat MN 2CS,2.249 €
779,Ibanez,RG421HPAM-ABL,597 €
780,PRS,S2 Custom 24 Birds BA,1.799 €
781,Yamaha,Pacifica 611 V FM TBL,717 €
782,Fender,AM Acoustasonic Strat  B-Stock,1.489 €
783,Jackson,JS24 DKAM Dinky JS Ser. MN RDS,295 €
784,Ibanez,GRG170DX-BKN Bundle,255 €
785,Jackson,DK3XR X Series Dinky HSS NGRN,489 €
786,PRS,PS Special Semi Matapeake Bay,11.999 €
787,Jackson,DKR Dinky MJ Series SBK,1.649 €
788,Charvel,Pro-Mod DK24 HH HT E B,889 €
789,Jackson,DKRA Dinky MJ Series MBK Ash,1.849 €
790,Legator,N7XFR-AMT,2.059 €
791,Ibanez,RG5170B-BK,2.099 €
792,Jackson,X Series SLX Orange Crackle,649 €
793,Jackson,SL2 Soloist MJ Series SWH,2.099 €
794,PRS,S2 Vela Semi Hollow FGM,1.799 €
795,Ibanez,RGD61ALET-MGM,1.398 €
796,Jackson,DKR MAH Dinky MJ Series BK,1.679 €
797,Harley Benton,ST-70RW Deluxe S Bundle,287 €
798,PRS,McCarty 594 YI,4.298 €
799,Fender,75th Anniversary Strat NOS LTD,4.198 €
800,Charvel,Pro-Mod DK24 HSH 2PT CM MH,979 €
801,Schecter,Apocalypse Avenger FR S RR,1.490 €
802,Jackson,DK3XR X Series Dinky HSS BK,489 €
803,Jackson,SL3R Pro Soloist Mirror,1.189 €
804,Jackson,SL2 Soloist MJ Series BK,2.099 €
805,Ibanez,AZ226PB-CBB Premium,1.298 €
806,PRS,Custom 24 Emerald,3.998 €
807,Schecter,C-1 FR S Silver Mountain TXV,1.490 €
808,Jackson,DK2X Dinky X Series Snow White,589 €
809,Fender,Vintera 50s Strat MN SBL,799 €
810,Harley Benton,Fusion-II HSH Roasted FBB Set,414 €
811,Ibanez,RG565-FOR,999 €
812,Ibanez,RG5121-BCF,1.799 €
813,Charvel,Pro-Mod DK24 HSH 2PT CM SW,979 €
814,Jackson,SoCal Misha Mansoor 2PT DBL,2.299 €
815,PRS,Fiore Amaryllis,2.699 €
816,Jackson,JS24 DKAM Dinky JS Ser. MN SBK,295 €
817,Ibanez,RG652AHMFX-RPB,1.449 €
818,Suhr,Mateus Asato Class S Ant RW SP,3.666 €
819,Jackson,DKR Dinky MJ Series IBM,1.599 €
820,Ibanez,RG5320C-DFM,2.099 €
821,PRS,John Mayer Silver Sky Tungsten,2.659 €
822,Charvel,AVS Pro-Mod DK24-6 Nova,1.199 €
823,PRS,Custom 24/08 Aquamarine,4.099 €
824,Jackson,SL2Q MAH Pro Soloist TRP,1.069 €
825,Harley Benton,ST-70 Rosewood Deluxe S Bundle,337 €
826,Solar Guitars,A1.6ATG,1.399 €
827,Ibanez,RGA42HPQM-BIG,899 €
828,Jackson,DK2X Dinky X Series Black,589 €
829,Jackson,DK3XR X Series Dinky HSS CBL,489 €
830,Jackson,SL3XM DX Soloist X Series SBK,729 €
831,Legator,N6OD-JB,1.199 €
832,Jackson,SLX DX Soloist X Series WC,779 €
833,Jackson,SLX DX Soloist X Series MCC,779 €
834,G&L,Tribute Legacy HSS 3-TS,549 €
835,Ibanez,PWM20,1.399 €
836,Ibanez,AZ2204N-PBM,1.999 €
837,PRS,S2 Vela Semi Hollow FBM,1.744 €
838,PRS,Custom 22 Violet,3.999 €
839,Maybach,Stradovari S61 Caddy Blue Aged,1.979 €
840,Fender,Rory Gallagher Relic Strat,4.299 €
841,Ibanez,RG565-EG,999 €
842,Jackson,DKR MAH Dinky MJ Series SWH,1.679 €
843,Fender,AM Original 60 Strat RW OW,1.846 €
844,Jackson,JS32Q DKA HT Trans.PurpleBurst,295 €
845,Jackson,DKRP Dinky MJ Series TBB,1.849 €
846,Harley Benton,Fusion-II HH FR EB FBB,349 €
847,Yamaha,Pacifica 612V II X YNS,779 €
848,Jackson,SLXM DX Soloist X Series SWH,639 €
849,PRS,Custom 22 Charcoal,3.999 €
850,Maybach,Stradovari S54 2-Tone SB Aged,1.979 €
851,Schecter,C-1 Hellraiser FR BCH,1.077 €
852,Framus,D-Series Diablo Pro NBKTS,819 €
853,Jackson,SL2P MAH HT Pro Soloist TBB,879 €
854,Harley Benton,Fusion-II HH FR MN FBLB,349 €
855,Charvel,Pro-Mod So-Cal Style 1 HHFRM L,889 €
856,PRS,John Mayer Silver Sky Frost,2.599 €
857,Jackson,DK2X HT Dinky X Series SWH,535 €
858,PRS,Custom 24 BW,3.998 €
859,Harley Benton,Fusion-II HSH Roasted FBB,399 €
860,ESP,LTD JM-II Josh Middleton BSB,1.469 €
861,PRS,Pauls Guitar CC FBJ,4.299 €
862,PRS,S2 Standard 24 Dots BL,1.599 €
863,Solar Guitars,A1.6 Coroner,1.399 €
864,Jackson,Pro DK2 Dinky Neon Pink,929 €
865,Charvel,Pro-Mod DK24 HSH 2PT CM MB,979 €
866,PRS,McCarty CC 10 Top,5.199 €
867,Jackson,SL1X Soloist X Ser. Plat. Pink,779 €
868,Fender,Artisan Strat Thinline Koa AN,4.799 €
869,Harley Benton,HP-42 Signature TT Roa B-Stock,329 €
870,PRS,Fiore Black Iris,2.699 €
871,Harley Benton,Fusion-II HH FR MN FPU Bundle,364 €
872,Charvel,Pro-Mod So-Cal 1 HH FR MN SHP,959 €
873,Jackson,DK Mod Pro Dinky EverTune SGRP,1.559 €
874,Jackson,SL2A MAH HT Pro Soloist UWH,969 €
875,Ibanez,RGD61ALA-MTR,1.129 €
876,Fender,Michael Landau 68 RelicStratBK,3.889 €
877,Suhr,Classic S ST HSS MN SG,2.799 €
878,Fender,60 Strat Road Worn PF FMG,1.052 €
879,ESP,E-II SN-2 BM Blue Nat Fade,2.359 €
880,Fender,59 Strat BKoVBL Hvy Relic MBVT,8.199 €
881,Schecter,SLS Elite C-1 FR Black Fade,1.279 €
882,Charvel,Pro-Mod So-Cal Style 1 HSHFRM,889 €
883,Harley Benton,ST-20HSS CA Standard Se Bundle,149 €
884,PRS,John Mayer Silver Sky MN Polar,2.698 €
885,Jackson,SL2A MAH Pro Soloist UWH,1.069 €
886,Charvel,Pro-Mod So-Cal Style 1 HSHFR E,889 €
887,Charvel,Pro Mod San Dimas 1 HH FR MBF,925 €
888,Framus,D-Series Diablo Prog X NBK,819 €
889,Suhr,Mateus Asato Classic S MN BK,4.199 €
890,Jackson,SL1X Soloist X Ser. Cab Yellow,779 €
891,Charvel,Guthrie Govan HSH Cooked Ash,3.289 €
892,Charvel,Pro-Mod SD HSS HT E BK,889 €
893,Cort,G290 FAT Antique Violi B-Stock,545 €
894,Fender,Ritchie Blackmore TributeStrat,6.875 €
895,Jackson,JS32Q DKA HT Trans.Green Burst,295 €
896,PRS,Custom 24 35th Anniv. FW,4.204 €
897,Schecter,Reaper-6 FR S SIB,1.098 €
898,PRS,Custom 24 BW,3.998 €
899,Charvel,Satchel Pro-M. DK S.PrplBengal,1.299 €
900,Fender,50 Strat Road Worn Fiesta Red,1.127 €
901,Yamaha,Pacifica 612V II X TGM,779 €
902,Harley Benton,CST-24T LH Ocean Flame,249 €
903,Jackson,Pro Soloist SL3M MN RBCR,1.169 €
904,PRS,S2 Custom 24 35th Anniv. DS,1.998 €
905,Fender,Eric Johnson Strat TT,2.299 €
906,Jackson,JS32Q DKA HT Trans.Black Burst,295 €
907,Harley Benton,Fusion-II HH FR EB FBLB,349 €
908,Fender,Artisan Strat Thinline Spalted,4.198 €
909,Music Man,Cutlass SSS Trem ABC,2.499 €
910,Music Man,Sabre Cobra Burst,3.649 €
911,PRS,Fiore Sugar Moon,2.699 €
912,Fender,Michael Landau 63 RelicStratFR,3.998 €
913,Ibanez,RG421PB-CHF,399 €
914,Yamaha,Pacifica 612V II X MSB,779 €
915,Charvel,Pro-Mod So-Cal St.1 HH FR ORNG,959 €
916,Larry Carlton,S7FM TBL,615 €
917,Jackson,JS22Q-7 DKA Dinky JS TrBlBurst,295 €
918,Jackson,Pro Soloist SL2M MAH MN MAG,949 €
919,Schecter,Reaper-6 FR S SCB,1.099 €
920,Music Man,Sabre Honey Suckle,3.649 €
921,Yamaha,Pacifica 612V II FMX FR,779 €
922,Fender,American Custom Strat AB MN,3.998 €
923,Jackson,SL2P MAH Pro Soloist TBB,969 €
924,Music Man,John Petrucci JPXI 6,3.269 €
925,Maybach,Stradovari S61 Olympic White,1.979 €
926,Suhr,Modern Satin HSH NA,2.799 €
927,Solar Guitars,S1.6APB,1.333 €
928,Fender,SQ CV 50s Strat MN WHB B-Stock,349 €
929,Evh,5150 Standard MN NP,769 €
930,Schecter,C-1 EX Apocalypse Rusty Grey,1.159 €
931,ESP,E-II M-IINT BM HS BLK NAT Fade,2.599 €
932,PRS,John Mayer Silver Sky Dodgem B,2.599 €
933,Harley Benton,CST-24 BK Bundle,340 €
934,PRS,S2 Custom 24 Birds WB,2.006 €
935,Fender,AM Ultra Strat RW Ultraburst,1.999 €
936,ESP,Horizon II FMT CB USA,4.198 €
937,Charvel,Pro-Mod SD HSS FR E BK,889 €
938,Fender,62 Strat Bone Tone MN DSP LTD,4.298 €
939,Fender,62 Strat Bone Tone MN FSB LTD,4.298 €
940,Pensa,MK90 Blue Ice Metallic,6.849 €
941,Ibanez,JS2450-MCP Joe Satriani,2.429 €
942,Charvel,Dinky DK22 Natural Relic USA,4.615 €
943,PRS,Custom 24 35th Anniv. BW,4.299 €
944,Fender,63 Strat FMT HSS TBLK Relic,4.298 €
945,Charvel,Pro-Mod San Dimas HSS FR M BP,889 €
946,Fender,Michael Landau 68 RelicStratSB,3.888 €
947,PRS,S2 Custom 24 Birds EY,1.799 €
948,Jackson,Misha Mansoor Juggernaut ET6 C,1.269 €
949,BC Rich,Gunslinger II Prophecy FR CAR,999 €
950,Jackson,SLX DX Soloist Satin Wh. Swirl,808 €
951,Fender,1963 Strat Aged 3CSB Relic,4.598 €
952,Harley Benton,ST-20 SB Standard Serie Bundle,169 €
953,Dean Guitars,Exile SL Multiscale 8 K SNBB,2.499 €
954,Fender,62 Strat Bone Tone MN AAG LTD,4.298 €
955,Fender,Yngwie Malmsteen BMM NOS,4.498 €
956,Fender,Ancho Poblano Strat ABLK Relic,4.599 €
957,Charvel,Pro-Mod So-Cal 1 HH FR MN SBM,899 €
958,Ibanez,SA360NQM-BMG,449 €
959,Jackson,LTD Pro Soloist SL27 EX Bl.Sp.,1.999 €
960,BC Rich,Shredzilla Exotic FR PH Bundle,1.970 €
961,Music Man,Sting Ray RS Trem ABC,2.499 €
962,Schecter,Banshee GT FR STBLU,1.099 €
963,BC Rich,Gunslinger II Prophecy FR GP,999 €
964,BC Rich,Shredzilla Extreme SM Showroom,1.379 €
965,Schecter,Kenny Hickey C-1 EX S SG,1.179 €
966,Harley Benton,S-620 TR Rock Series B-Stock,149 €
967,ESP,LTD MH-1000 EverTune SW,1.499 €
968,Chapman Guitars,ML1 Hybrid Sarsen Stone Black,649 €
969,Harley Benton,ST-62MN VW Vintage Se B-Stock,119 €
970,Jackson,DK2X HT Dinky X Series BK,535 €
971,Music Man,John Petrucci Majesty 7 SO,3.798 €
972,Ibanez,JCRG2003-NT,6.499 €
973,Jackson,Misha Mansoor HT6 Daphne Blue,3.029 €
974,Yamaha,Pacifica 611HFM TP,619 €
975,PRS,John Mayer Silver Sky MN Gold,2.768 €
976,Harley Benton,ST-20 WH Standard Serie Bundle,169 €
977,Fender,Jeff Beck Custom Shop OW,3.588 €
978,Dean Guitars,Exile SL Multiscale 7 K SNBB,2.399 €
979,Music Man,John Petrucci Majesty 6 SO,3.589 €
980,Charvel,San Dimas Bengal Tiger USA,3.298 €
981,Chapman Guitars,ML1 Modern Red Sea,529 €
982,Music Man,John Petrucci Majesty 7 SP,4.298 €
983,Fender,Artisan Strat Koa P90 NOS MBGF,6.839 €
984,Music Man,Cutlass SSS Trem RW CHS,2.564 €
985,Fender,American Custom Strat 3TSB RW,3.798 €
986,PRS,John Mayer Silver Sky Satin MS,2.698 €
987,Fender,70 Strat F3TSB RW Relic,3.698 €
988,Fender,Squier Bullet Strat SB Bundle,143 €
989,ESP,LTD Mirage Deluxe Â´87 FR TURQ,1.120 €
990,Fender,63 Strat Super Heavy Relic ABL,4.298 €
991,PRS,McCarty 594 KG,4.111 €
992,BC Rich,Shredzilla Pro Archtop Bundle,1.970 €
993,BC Rich,Gunslinger II Prophecy FR B,999 €
994,Music Man,John Petrucci Majesty 7 EG,4.349 €
995,PRS,Hollowbody II BW,5.129 €
996,Ibanez,JEM77P-BFP,1.498 €
997,Fender,63 Ultra Relic Strat 3TSB MBPW,6.998 €
998,Fender,61 Strat TGoBLK Heavy Relic,4.699 €
999,Fender,57 Strat Fiesta Red Relic,3.898 €
1000,Suhr,Pete Thorn Signature BK,3.799 €
1001,ESP,LTD SN 1000 FRM PW B-Stock,829 €
1002,Ibanez,SA360NQM-SPB B-Stock,435 €
1003,Ibanez,JIVA 10-DSB,1.299 €
1004,PRS,John Mayer Silver Sky Midnight,2.699 €
1005,Jackson,Pro Mod. DK Ash HT6 Baked Wh.,1.249 €
1006,Suhr,Classic S Anitque HSS MN SG,3.077 €
1007,Suhr,Pete Thorn Signature GRM,3.798 €
1008,Music Man,Dustin Kensrue StingRay DSTB,3.299 €
1009,Suhr,Modern Plus PF HSH BNGB,3.449 €
1010,BC Rich,Shredzilla Prophecy ET Bundle,2.020 €
1011,BC Rich,Shredzilla Prophercy ET Bundle,2.020 €
1012,Harley Benton,CST-24 Paradise Flame Bundle,389 €
1013,BC Rich,Shredzilla Prophecy Archtop BC,1.699 €
1014,Fender,60 Strat ALPB Relic,4.198 €
1015,Fender,El Diablo Strat Black Paisley,4.204 €
1016,BC Rich,Shredzilla Extreme Exotic SM,1.569 €
1017,Xotic Guitars,XSC-1 SFG RW Medium Aged,3.289 €
1018,Pensa,MK90 Blue Ice Metallic,6.849 €
1019,BC Rich,Shredzilla Prophecy Archtop BK,1.699 €
1020,Schecter,Banshee Mach-6 FOB,1.744 €
1021,Fender,56 Strat FTAH Relic MBCL,6.699 €
1022,Ibanez,RG6PKAG-NTF,1.599 €
1023,Fender,62 Strat NOS MN 3CS,3.598 €
1024,Fender,56 Strat AVW Heavy Relic,4.499 €
1025,Solar Guitars,SB1.6HFSB Flame Solar Burst,925 €
1026,PRS,Custom 22 BW,3.698 €
1027,BC Rich,Gunslinger II Prophecy FR OR,999 €
1028,Dean Guitars,Exile SL Multiscale 6 K SNBB,2.299 €
1029,Fender,57 Strat DB Heavy Relic,3.998 €
1030,Jackson,SL2H Soloist BLK,3.390 €
1031,Harley Benton,Amarok-6 EGNT Quilted  B-Stock,365 €
1032,Fender,55 Strat Surf Green Hvy MBKM,6.498 €
1033,Legator,N6P-Flamingo,599 €
1034,Suhr,Classic S ST HSS RW OW,2.899 €
1035,BC Rich,Shredzilla Extreme Exot Bundle,1.890 €
1036,PRS,Custom 24 35th Anniv. FW,4.298 €
1037,Jackson,SL1 Soloist BLK USA,3.390 €
1038,Ibanez,GSA60-BS B-Stock,175 €
1039,Fender,57 Strat Black Heavy Relic,3.998 €
1040,Schecter,C-1 SLS Elite FR AFB,1.438 €
1041,Solar Guitars,A1.6Vinter Pearl White Matte,1.299 €
1042,BC Rich,Shredzilla Exotic FR RE Bundle,1.970 €
1043,BC Rich,Shredzilla Pro Archtop Bundle,1.970 €
1044,Jackson,Pro DK2 Ash Dinky Baked White,1.179 €
1045,Ibanez,GRG121DX-WNF B-Stock,177 €
1046,BC Rich,Shredzilla Z6 Pro Ex FR Bundle,2.020 €
1047,BC Rich,Shredzilla Prophecy Arc Bundle,2.020 €
1048,Fender,63 Strat Gold Bound Relic,4.698 €
1049,Solar Guitars,AB 1.6G Antique Gold Matte,1.025 €
1050,BC Rich,Shredzilla Extreme Exotic PH,1.569 €
1051,Jackson,Misha Mansoor HT6 Laguna Burst,3.180 €
1052,Fender,Founder Design Strat Kendrick,6.155 €
1053,Ibanez,GRG131DX-WH B-Stock,185 €
1054,PRS,S2 Singlecut Standard FGM,1.644 €
1055,Fender,62 Strat CC Mahogany Natural,3.798 €
1056,PRS,Custom 24 10 Top TG,4.599 €
1057,Jackson,PC-1 Phil Collen USA AUNatural,2.998 €
1058,Framus,Masterbuilt Diablo II Supreme,4.822 €
1059,Music Man,John Petrucci Majesty 7 BH,4.298 €
1060,Fender,56 Strat Desert Sand Relic,3.590 €
1061,Fender,64 Strat ASNB Heavy Relic,4.398 €
1062,Solar Guitars,AB 1.6FRCAR Candy Apple Red,925 €
1063,Jackson,Pro Dinky DK Mod. HT6 MS SWH,1.449 €
1064,Suhr,Standard Plus HSS PF HAB,3.449 €
1065,Suhr,Standard Plus HSS PF BB,3.449 €
1066,Ibanez,JS240PS-CA,1.598 €
1067,Music Man,Petrucci JP15 7 Quilt TBB,3.999 €
1068,PRS,Custom 22 FR,3.999 €
1069,PRS,Custom 22 TG,3.998 €
1070,Ibanez,AZ2204N-AWD,1.999 €
1071,Music Man,John Petrucci JPXI 7,3.590 €
1072,Fender,60 Strat TSP CAR Relic,3.590 €
1073,Ibanez,R9441F22G5-30E,6.399 €
1074,Schecter,Keith Merrow KM-6 MK-III TBB S,899 €
1075,Suhr,Classic S ST HSS RW SG,2.899 €
1076,PRS,S2 Standard 24 Diamond Black,1.538 €
1077,Macmull Guitars,S-Classic Sunburst MN,5.644 €
1078,Solar Guitars,A1.6FRB Black Gloss,969 €
1079,Fender,57 Strat Surf Green NOS,3.490 €
1080,Suhr,Classic S ST HSS MN SB,2.899 €
1081,Macmull Guitars,S-Classic Lake Placid RW,4.512 €
1082,Fender,65 Strat ADB Sparkle Relic,5.099 €
1083,Suhr,Scott Henderson SFG,3.799 €
1084,Music Man,John Petrucci Majesty 7 PS,4.299 €
1085,Fender,60s Strat HSH CFM Heavy Relic,3.998 €
1086,Fender,63 Strat FMT HSS TGT Relic,4.399 €
1087,Xotic Guitars,XSC-AH Allen Hinds LPBo3TSB,3.590 €
1088,BC Rich,Shredzilla Pro Archtop Bundle,1.970 €
1089,PRS,Custom 22 Piezo ED,4.399 €
1090,ESP,LTD KH WZ,1.538 €
1091,Schecter,Keith Merrow KM-6 MK-III TBB,1.846 €
1092,Friedman,Vintage-S ARDB3TVH+SS,3.489 €
1093,Suhr,Standard Plus HSS PF BBL,3.449 €
1094,PRS,Custom 24 10 Top CC,5.018 €
1095,Ibanez,RG5170G-SVF,2.099 €
1096,Fender,58 Strat Special C3SB Relic,4.298 €
1097,PRS,S2 Custom 24 Birds GM,1.744 €
1098,BC Rich,Shredzilla Extreme Exot Bundle,1.890 €
1099,BC Rich,Shredzilla Extreme Exot Bundle,1.890 €
1100,Schecter,Apocalypse Avenger FR S BR,1.490 €
1101,PRS,McCarty CB,4.298 €
1102,Jackson,Soloist SL2Q Trans Black USA,4.299 €
1103,Macmull Guitars,S-Classic RW 3 Tone Sunburst,4.411 €
1104,Fender,57 Strat DNB NOS,3.490 €
1105,BC Rich,Shredzilla Extreme Exot Bundle,1.890 €
1106,Fender,65 Strat Bound 3TSB Relic,3.898 €
1107,Solar Guitars,A2.6 FRW,769 €
1108,Fender,63 Strat FMT HSS AVB Relic,4.399 €
1109,Jackson,Soloist SL2 FMT Natural USA,3.590 €
1110,PRS,Custom 24 35th Anniv. BW,4.299 €
1111,Fender,60 Strat ASGM Relic LTD,4.099 €
1112,BC Rich,Shredzilla Extreme Exot Bundle,1.890 €
1113,Fender,Robin Trower Tribute Strat,4.411 €
1114,Fender,65 Strat Hardtail AFMG Relic,3.998 €
1115,Fender,60 Strat GFY Heavy Relic MBKM,6.698 €
1116,Fender,60 Strat ABBM Relic LTD,4.099 €
1117,Fender,64 Strat AAZG Heavy Relic,4.398 €
1118,Xotic Guitars,XSC-1 MN Vintage White,3.279 €
1119,Fender,American Custom Strat SBT RW,3.798 €
1120,BC Rich,Shredzilla Prophecy Arc Bundle,2.020 €
1121,PRS,Custom 22 Piezo FW,4.401 €
1122,Fender,61 Strat ACS Sparkle Relic,4.512 €
1123,Ibanez,AZ2204N-BK,1.999 €
1124,Fender,68 Strat 3TS RW Relic,3.798 €
1125,Fender,57 Strat SFG NOS,3.490 €
1126,BC Rich,Shredzilla Prophecy Arc Bundle,2.020 €
1127,Framus,Masterbuilt Diablo II Supreme,4.925 €
1128,Ibanez,JCRG2001-UND,7.189 €
1129,Fender,58 Strat Special SFSGM Relic,4.298 €
1130,Jackson,Soloist SL2Q Trans Blue USA,4.399 €
1131,Fender,60s Strat HSH LPB Heavy Relic,3.998 €
1132,Fender,56 Strat LPB Relic,3.590 €
1133,Xotic Guitars,XSC PRO-2 Lake Placid Blue,2.975 €
1134,Fender,56 Strat 2TS Relic,3.798 €
1135,Solar Guitars,SB1.6FOB Flame Ocean Blue,1.077 €
1136,PRS,Custom 22 Piezo CB,4.401 €
1137,Jackson,Soloist SL2 Blackened USA,4.399 €
1138,PRS,Custom 24 DS,3.898 €
1139,PRS,408 Trem FW,3.898 €
1140,Ibanez,S561-SFGM,429 €
1141,Legator,N6OD-AP,1.129 €
1142,Knaggs,Severn T1 Trem Forest Green,5.129 €
1143,Harley Benton,ST-62CC RW Inca Silver B-Stock,139 €
1144,Ibanez,JBM10FX-PWM,922 €
1145,Knaggs,Severn X Green Sparkle Trem HH,4.299 €
1146,PRS,Custom 22 DCS,3.998 €
1147,Ibanez,JCRG2001-SAL,7.189 €
1148,LSL,Saticoy CV Special VW,3.077 €
1149,Suhr,Classic S ST SSS RW 3TS,2.909 €
1150,Framus,Teambuilt Diablo II Progressiv,2.280 €
1151,Fender,50s Strat ASFG Sparkle Relic,3.698 €
1152,Fender,60 Strat AAZ Relic,4.198 €
1153,Jackson,SL1 Soloist SWH,3.390 €
1154,Friedman,CALI-AMCGHH+,2.998 €
1155,Xotic Guitars,XSC-1 SP RW Heavy Aged B-Stock,2.599 €
1156,LSL,Saticoy One EFoam Green Aged,2.549 €
1157,Jackson,Dinky DK1 Black USA,2.949 €
1158,Jackson,PC-1 Phil Collen LTD BLK USA,5.099 €
1159,Jackson,Misha Mansoor HT6 Red,3.077 €
1160,Jackson,Misha Mansoor HT7 Silver,3.077 €
1161,Ibanez,JCRG2002-SLH J. Custom,7.189 €
1162,Fender,63 Strat HSS BLK Relic MBPW,7.598 €
1163,Maybach,Stradovari S61 Black W Guard A,1.929 €
1164,Jackson,Misha Mansoor HT6 Silver,3.029 €
1165,PRS,Custom 24 35th Anniv. MT,4.298 €
1166,PRS,Custom 24/08 TG,3.999 €
1167,PRS,Custom 22 MS,3.999 €
1168,PRS,Custom 24 35th Anniv. TG,4.298 €
1169,Xotic Guitars,XSC-1 LPB MN Heavy Aged,3.179 €
1170,Xotic Guitars,XSC-1 SFG MN Medium Aged,3.179 €
1171,Ibanez,JCRG2002-GNM J. Custom,7.189 €
1172,Legator,Ninja N6X Earth,1.644 €
1173,BC Rich,Shredzilla Prophecy ET BLK,1.438 €
1174,LSL,Saticoy One 2 Tone Burst Aged,2.549 €
1175,Framus,D-Series Diablo Pro NB B-Stock,649 €
1176,Xotic Guitars,XSC-1 FR MN Medium Aged,3.049 €
1177,Fender,69 Strat FMT Orange Burst MBGF,7.798 €
1178,LSL,Saticoy 3TSB Medium Aged,3.281 €
1179,Xotic Guitars,XSC-1 SB RW Medium Aged,3.077 €
1180,Xotic Guitars,XSC PRO-2 3 Tone Sunburst,2.975 €
1181,Schecter,Damien Platinum 6 FR SBK,925 €
1182,Xotic Guitars,XSC-1 RW 3TS Super Heavy Aged,2.998 €
1183,Knaggs,Severn X Trembuck T1 Charcoal,3.898 €
1184,Fender,56 Strat IS Heavy Relic,3.998 €
1185,Harley Benton,Fusion-II HH FR EB FBLB Bundle,364 €
1186,Pensa,MK 2 Quilt Top RW Amber,8.799 €
1187,PRS,Custom 24 Emerald,3.798 €
1188,LSL,Saticoy Roasted Pine 3TSB Ltd,3.398 €
1189,Xotic Guitars,XSC-2 DR RW Medium Aged,3.389 €
1190,Fender,Squier Bullet Strat BK B-Stock,119 €
1191,Xotic Guitars,Xotique XSC Green Sparkle,3.898 €
1192,Fender,56 Strat Roasted Walnut NOS,3.798 €
1193,Xotic Guitars,XSC-2019 Ltd,3.098 €
1194,Ibanez,RG1127PBFX-CIF Premium B-Stock,1.199 €
1195,Friedman,Vintage-S-AR3TBBWBH+SS-LA,3.489 €
1196,Suhr,John Suhr Signature Standard,4.399 €
1197,Xotic Guitars,XSC-1 CAR MN Heavy Aged,3.281 €
1198,Jackson,Dinky HH FR Snow White B-Stock,2.222 €
1199,BC Rich,Shredzilla Extreme Exo B-Stock,1.249 €
